Stocks,Market Cap,Sector,Company Name,Nifty 50,BANKNIFTY,Nifty F&O,FINNIFTY,NIFTY AUTO,NIFTY IT,NIFTY FMCG,NIFTY METAL,NIFTY PHARMA,NIFTY OIL & GAS
ABB,Large Cap,Capital Goods,ABB India Ltd.,,,NIFTY F&O,,,,,,,
ACC,Large Cap,Construction Materials,ACC Ltd.,,,NIFTY F&O,,,,,,,
ADANIENT,Large Cap,Metals & Mining,Adani Enterprises Ltd.,Nifty 50,,NIFTY F&O,,,,,NIFTY METAL,,
ADANIGREEN,Large Cap,Power,Adani Green Energy Ltd.,,,,,,,,,,
ADANIPORTS,Large Cap,Services,Adani Ports and Special Economic Zone Ltd.,Nifty 50,,NIFTY F&O,,,,,,,
ADANITRANS,Large Cap,Power,Adani Transmission Ltd.,,,,,,,,,,
AMBUJACEM,Large Cap,Construction Materials,Ambuja Cements Ltd.,,,NIFTY F&O,,,,,,,
APOLLOHOSP,Large Cap,Healthcare,Apollo Hospitals Enterprise Ltd.,Nifty 50,,NIFTY F&O,,,,,,,
ASIANPAINT,Large Cap,Consumer Durables,Asian Paints Ltd.,Nifty 50,,NIFTY F&O,,,,,,,
ATGL,Large Cap,Oil Gas & Consumable Fuels,Adani Total Gas Ltd.,,,,,,,,,,NIFTY OIL & GAS
AWL,Large Cap,Fast Moving Consumer Goods,Adani Wilmar Ltd.,,,,,,,,,,
AXISBANK,Large Cap,Financial Services,Axis Bank Ltd.,Nifty 50,BANKNIFTY,NIFTY F&O,FINNIFTY,,,,,,
BAJAJ-AUTO,Large Cap,Automobile and Auto Components,Bajaj Auto Ltd.,Nifty 50,,NIFTY F&O,,NIFTY AUTO,,,,,
BAJAJFINSV,Large Cap,Financial Services,Bajaj Finserv Ltd.,Nifty 50,,NIFTY F&O,FINNIFTY,,,,,,
BAJAJHLDNG,Large Cap,Financial Services,Bajaj Holdings & Investment Ltd.,,,,,,,,,,
BAJFINANCE,Large Cap,Financial Services,Bajaj Finance Ltd.,Nifty 50,,NIFTY F&O,FINNIFTY,,,,,,
BANKBARODA,Large Cap,Financial Services,Bank of Baroda,,BANKNIFTY,NIFTY F&O,,,,,,,
BEL,Large Cap,Capital Goods,Bharat Electronics Ltd.,,,NIFTY F&O,,,,,,,
BERGEPAINT,Large Cap,Consumer Durables,Berger Paints India Ltd.,,,NIFTY F&O,,,,,,,
BHARTIARTL,Large Cap,Telecommunication,Bharti Airtel Ltd.,Nifty 50,,NIFTY F&O,,,,,,,
BOSCHLTD,Large Cap,Automobile and Auto Components,Bosch Ltd.,,,NIFTY F&O,,NIFTY AUTO,,,,,
BPCL,Large Cap,Oil Gas & Consumable Fuels,Bharat Petroleum Corporation Ltd.,Nifty 50,,NIFTY F&O,,,,,,,NIFTY OIL & GAS
BRITANNIA,Large Cap,Fast Moving Consumer Goods,Britannia Industries Ltd.,Nifty 50,,NIFTY F&O,,,,NIFTY FMCG,,,
CANBK,Large Cap,Financial Services,Canara Bank,,,NIFTY F&O,,,,,,,
CHOLAFIN,Large Cap,Financial Services,Cholamandalam Investment and Finance Company Ltd.,,,NIFTY F&O,FINNIFTY,,,,,,
CIPLA,Large Cap,Healthcare,Cipla Ltd.,Nifty 50,,NIFTY F&O,,,,,,NIFTY PHARMA,
COALINDIA,Large Cap,Oil Gas & Consumable Fuels,Coal India Ltd.,Nifty 50,,NIFTY F&O,,,,,,,
COLPAL,Large Cap,Fast Moving Consumer Goods,Colgate Palmolive (India) Ltd.,,,NIFTY F&O,,,,NIFTY FMCG,,,
DABUR,Large Cap,Fast Moving Consumer Goods,Dabur India Ltd.,,,NIFTY F&O,,,,NIFTY FMCG,,,
DIVISLAB,Large Cap,Healthcare,Divi's Laboratories Ltd.,Nifty 50,,NIFTY F&O,,,,,,NIFTY PHARMA,
DLF,Large Cap,Realty,DLF Ltd.,,,NIFTY F&O,,,,,,,
DMART,Large Cap,Consumer Services,Avenue Supermarts Ltd.,,,,,,,,,,
DRREDDY,Large Cap,Healthcare,Dr. Reddy's Laboratories Ltd.,Nifty 50,,NIFTY F&O,,,,,,NIFTY PHARMA,
EICHERMOT,Large Cap,Automobile and Auto Components,Eicher Motors Ltd.,Nifty 50,,NIFTY F&O,,NIFTY AUTO,,,,,
GAIL,Large Cap,Oil Gas & Consumable Fuels,GAIL (India) Ltd.,,,NIFTY F&O,,,,,,,NIFTY OIL & GAS
GODREJCP,Large Cap,Fast Moving Consumer Goods,Godrej Consumer Products Ltd.,,,NIFTY F&O,,,,NIFTY FMCG,,,
GRASIM,Large Cap,Construction Materials,Grasim Industries Ltd.,Nifty 50,,NIFTY F&O,,,,,,,
HAL,Large Cap,Capital Goods,Hindustan Aeronautics Ltd.,,,NIFTY F&O,,,,,,,
HAVELLS,Large Cap,Consumer Durables,Havells India Ltd.,,,NIFTY F&O,,,,,,,
HCLTECH,Large Cap,Information Technology,HCL Technologies Ltd.,Nifty 50,,NIFTY F&O,,,NIFTY IT,,,,
HDFCAMC,Large Cap,Financial Services,HDFC Asset Management Company Ltd.,,,NIFTY F&O,FINNIFTY,,,,,,
HDFCBANK,Large Cap,Financial Services,HDFC Bank Ltd.,Nifty 50,BANKNIFTY,NIFTY F&O,FINNIFTY,,,,,,
HDFCLIFE,Large Cap,Financial Services,HDFC Life Insurance Company Ltd.,Nifty 50,,NIFTY F&O,FINNIFTY,,,,,,
HEROMOTOCO,Large Cap,Automobile and Auto Components,Hero MotoCorp Ltd.,Nifty 50,,NIFTY F&O,,NIFTY AUTO,,,,,
HINDALCO,Large Cap,Metals & Mining,Hindalco Industries Ltd.,Nifty 50,,NIFTY F&O,,,,,NIFTY METAL,,
HINDUNILVR,Large Cap,Fast Moving Consumer Goods,Hindustan Unilever Ltd.,Nifty 50,,NIFTY F&O,,,,NIFTY FMCG,,,
ICICIBANK,Large Cap,Financial Services,ICICI Bank Ltd.,Nifty 50,BANKNIFTY,NIFTY F&O,FINNIFTY,,,,,,
ICICIGI,Large Cap,Financial Services,ICICI Lombard General Insurance Company Ltd.,,,NIFTY F&O,FINNIFTY,,,,,,
ICICIPRULI,Large Cap,Financial Services,ICICI Prudential Life Insurance Company Ltd.,,,NIFTY F&O,FINNIFTY,,,,,,
INDIGO,Large Cap,Services,InterGlobe Aviation Ltd.,,,NIFTY F&O,,,,,,,
INDUSINDBK,Large Cap,Financial Services,IndusInd Bank Ltd.,Nifty 50,BANKNIFTY,NIFTY F&O,,,,,,,
INDUSTOWER,Large Cap,Telecommunication,Indus Towers Ltd.,,,NIFTY F&O,,,,,,,
INFY,Large Cap,Information Technology,Infosys Ltd.,Nifty 50,,NIFTY F&O,,,NIFTY IT,,,,
IOC,Large Cap,Oil Gas & Consumable Fuels,Indian Oil Corporation Ltd.,,,NIFTY F&O,,,,,,,NIFTY OIL & GAS
IRCTC,Large Cap,Consumer Services,Indian Railway Catering And Tourism Corporation Ltd.,,,NIFTY F&O,,,,,,,
ITC,Large Cap,Fast Moving Consumer Goods,ITC Ltd.,Nifty 50,,NIFTY F&O,,,,NIFTY FMCG,,,
JSWSTEEL,Large Cap,Metals & Mining,JSW Steel Ltd.,Nifty 50,,NIFTY F&O,,,,,NIFTY METAL,,
KOTAKBANK,Large Cap,Financial Services,Kotak Mahindra Bank Ltd.,Nifty 50,BANKNIFTY,NIFTY F&O,FINNIFTY,,,,,,
LICI,Large Cap,Financial Services,Life Insurance Corporation of India,,,,,,,,,,
LT,Large Cap,Construction,Larsen & Toubro Ltd.,Nifty 50,,NIFTY F&O,,,,,,,
LTIM,Large Cap,Information Technology,LTIMindtree Ltd.,Nifty 50,,NIFTY F&O,,,NIFTY IT,,,,
M&M,Large Cap,Automobile and Auto Components,Mahindra & Mahindra Ltd.,Nifty 50,,NIFTY F&O,,NIFTY AUTO,,,,,
MARICO,Large Cap,Fast Moving Consumer Goods,Marico Ltd.,,,NIFTY F&O,,,,NIFTY FMCG,,,
MARUTI,Large Cap,Automobile and Auto Components,Maruti Suzuki India Ltd.,Nifty 50,,NIFTY F&O,,NIFTY AUTO,,,,,
MCDOWELL-N,Large Cap,Fast Moving Consumer Goods,United Spirits Ltd.,,,NIFTY F&O,,,,NIFTY FMCG,,,
MOTHERSON,Large Cap,Automobile and Auto Components,Samvardhana Motherson International Ltd.,,,NIFTY F&O,,NIFTY AUTO,,,,,
MUTHOOTFIN,Large Cap,Financial Services,Muthoot Finance Ltd.,,,NIFTY F&O,FINNIFTY,,,,,,
NAUKRI,Large Cap,Consumer Services,Info Edge (India) Ltd.,,,NIFTY F&O,,,,,,,
NESTLEIND,Large Cap,Fast Moving Consumer Goods,Nestle India Ltd.,Nifty 50,,NIFTY F&O,,,,NIFTY FMCG,,,
NTPC,Large Cap,Power,NTPC Ltd.,Nifty 50,,NIFTY F&O,,,,,,,
NYKAA,Large Cap,Consumer Services,FSN E-Commerce Ventures Ltd.,,,,,,,,,,
ONGC,Large Cap,Oil Gas & Consumable Fuels,Oil & Natural Gas Corporation Ltd.,Nifty 50,,NIFTY F&O,,,,,,,NIFTY OIL & GAS
PAGEIND,Large Cap,Textiles,Page Industries Ltd.,,,NIFTY F&O,,,,,,,
PGHH,Large Cap,Fast Moving Consumer Goods,Procter & Gamble Hygiene & Health Care Ltd.,,,,,,,NIFTY FMCG,,,
PIDILITIND,Large Cap,Chemicals,Pidilite Industries Ltd.,,,NIFTY F&O,,,,,,,
PIIND,Large Cap,Chemicals,PI Industries Ltd.,,,NIFTY F&O,,,,,,,
POWERGRID,Large Cap,Power,Power Grid Corporation of India Ltd.,Nifty 50,,NIFTY F&O,,,,,,,
RELIANCE,Large Cap,Oil Gas & Consumable Fuels,Reliance Industries Ltd.,Nifty 50,,NIFTY F&O,,,,,,,NIFTY OIL & GAS
SBICARD,Large Cap,Financial Services,SBI Cards and Payment Services Ltd.,,,NIFTY F&O,FINNIFTY,,,,,,
SBILIFE,Large Cap,Financial Services,SBI Life Insurance Company Ltd.,Nifty 50,,NIFTY F&O,FINNIFTY,,,,,,
SBIN,Large Cap,Financial Services,State Bank of India,Nifty 50,BANKNIFTY,NIFTY F&O,FINNIFTY,,,,,,
SHREECEM,Large Cap,Construction Materials,Shree Cement Ltd.,,,NIFTY F&O,,,,,,,
SIEMENS,Large Cap,Capital Goods,Siemens Ltd.,,,NIFTY F&O,,,,,,,
SRF,Large Cap,Chemicals,SRF Ltd.,,,NIFTY F&O,,,,,,,
SUNPHARMA,Large Cap,Healthcare,Sun Pharmaceutical Industries Ltd.,Nifty 50,,NIFTY F&O,,,,,,NIFTY PHARMA,
TATACONSUM,Large Cap,Fast Moving Consumer Goods,Tata Consumer Products Ltd.,Nifty 50,,NIFTY F&O,,,,NIFTY FMCG,,,
TATAMOTORS,Large Cap,Automobile and Auto Components,Tata Motors Ltd.,Nifty 50,,NIFTY F&O,,NIFTY AUTO,,,,,
TATAPOWER,Large Cap,Power,Tata Power Co. Ltd.,,,NIFTY F&O,,,,,,,
TATASTEEL,Large Cap,Metals & Mining,Tata Steel Ltd.,Nifty 50,,NIFTY F&O,,,,,NIFTY METAL,,
TCS,Large Cap,Information Technology,Tata Consultancy Services Ltd.,Nifty 50,,NIFTY F&O,,,NIFTY IT,,,,
TECHM,Large Cap,Information Technology,Tech Mahindra Ltd.,Nifty 50,,NIFTY F&O,,,NIFTY IT,,,,
TITAN,Large Cap,Consumer Durables,Titan Company Ltd.,Nifty 50,,NIFTY F&O,,,,,,,
TORNTPHARM,Large Cap,Healthcare,Torrent Pharmaceuticals Ltd.,,,NIFTY F&O,,,,,,NIFTY PHARMA,
ULTRACEMCO,Large Cap,Construction Materials,UltraTech Cement Ltd.,Nifty 50,,NIFTY F&O,,,,,,,
UPL,Large Cap,Chemicals,UPL Ltd.,Nifty 50,,NIFTY F&O,,,,,,,
VBL,Large Cap,Fast Moving Consumer Goods,Varun Beverages Ltd.,,,,,,,NIFTY FMCG,,,
VEDL,Large Cap,Metals & Mining,Vedanta Ltd.,,,NIFTY F&O,,,,,NIFTY METAL,,
WIPRO,Large Cap,Information Technology,Wipro Ltd.,Nifty 50,,NIFTY F&O,,,NIFTY IT,,,,
ZOMATO,Large Cap,Consumer Services,Zomato Ltd.,,,,,,,,,,
3MINDIA,Mid Cap,Diversified,3M India Ltd.,,,,,,,,,,
AARTIIND,Mid Cap,Chemicals,Aarti Industries Ltd.,,,NIFTY F&O,,,,,,,
AAVAS,Mid Cap,Financial Services,Aavas Financiers Ltd.,,,,,,,,,,
ABBOTINDIA,Mid Cap,Healthcare,Abbott India Ltd.,,,NIFTY F&O,,,,,,NIFTY PHARMA,
ABCAPITAL,Mid Cap,Financial Services,Aditya Birla Capital Ltd.,,,NIFTY F&O,,,,,,,
ABFRL,Mid Cap,Consumer Services,Aditya Birla Fashion and Retail Ltd.,,,NIFTY F&O,,,,,,,
ADANIPOWER,Mid Cap,Power,Adani Power Ltd.,,,,,,,,,,
AFFLE,Mid Cap,Information Technology,Affle (India) Ltd.,,,,,,,,,,
AIAENG,Mid Cap,Capital Goods,AIA Engineering Ltd.,,,,,,,,,,
AJANTPHARM,Mid Cap,Healthcare,Ajanta Pharmaceuticals Ltd.,,,,,,,,,,
ALKEM,Mid Cap,Healthcare,Alkem Laboratories Ltd.,,,NIFTY F&O,,,,,,NIFTY PHARMA,
ALKYLAMINE,Mid Cap,Chemicals,Alkyl Amines Chemicals Ltd.,,,,,,,,,,
APLAPOLLO,Mid Cap,Capital Goods,APL Apollo Tubes Ltd.,,,,,,,,NIFTY METAL,,
APOLLOTYRE,Mid Cap,Automobile and Auto Components,Apollo Tyres Ltd.,,,NIFTY F&O,,,,,,,
ASHOKLEY,Mid Cap,Capital Goods,Ashok Leyland Ltd.,,,NIFTY F&O,,NIFTY AUTO,,,,,
ASTRAL,Mid Cap,Capital Goods,Astral Ltd.,,,NIFTY F&O,,,,,,,
ATUL,Mid Cap,Chemicals,Atul Ltd.,,,NIFTY F&O,,,,,,,
AUBANK,Mid Cap,Financial Services,AU Small Finance Bank Ltd.,,BANKNIFTY,NIFTY F&O,,,,,,,
AUROPHARMA,Mid Cap,Healthcare,Aurobindo Pharma Ltd.,,,NIFTY F&O,,,,,,NIFTY PHARMA,
BALKRISIND,Mid Cap,Automobile and Auto Components,Balkrishna Industries Ltd.,,,NIFTY F&O,,NIFTY AUTO,,,,,
BANDHANBNK,Mid Cap,Financial Services,Bandhan Bank Ltd.,,BANKNIFTY,NIFTY F&O,,,,,,,
BANKINDIA,Mid Cap,Financial Services,Bank of India,,,,,,,,,,
BATAINDIA,Mid Cap,Consumer Durables,Bata India Ltd.,,,NIFTY F&O,,,,,,,
BAYERCROP,Mid Cap,Chemicals,Bayer Cropscience Ltd.,,,,,,,,,,
BHARATFORG,Mid Cap,Capital Goods,Bharat Forge Ltd.,,,NIFTY F&O,,NIFTY AUTO,,,,,
BHEL,Mid Cap,Capital Goods,Bharat Heavy Electricals Ltd.,,,NIFTY F&O,,,,,,,
BIOCON,Mid Cap,Healthcare,Biocon Ltd.,,,NIFTY F&O,,,,,,NIFTY PHARMA,
BLUEDART,Mid Cap,Services,Blue Dart Express Ltd.,,,,,,,,,,
CGPOWER,Mid Cap,Capital Goods,CG Power and Industrial Solutions Ltd.,,,,,,,,,,
CLEAN,Mid Cap,Chemicals,Clean Science and Technology Ltd.,,,,,,,,,,
COFORGE,Mid Cap,Information Technology,Coforge Ltd.,,,NIFTY F&O,,,NIFTY IT,,,,
CONCOR,Mid Cap,Services,Container Corporation of India Ltd.,,,NIFTY F&O,,,,,,,
COROMANDEL,Mid Cap,Chemicals,Coromandel International Ltd.,,,NIFTY F&O,,,,,,,
CRISIL,Mid Cap,Financial Services,CRISIL Ltd.,,,,,,,,,,
CROMPTON,Mid Cap,Consumer Durables,Crompton Greaves Consumer Electricals Ltd.,,,NIFTY F&O,,,,,,,
CUMMINSIND,Mid Cap,Capital Goods,Cummins India Ltd.,,,NIFTY F&O,,,,,,,
DALBHARAT,Mid Cap,Construction Materials,Dalmia Bharat Ltd.,,,NIFTY F&O,,,,,,,
DEEPAKNTR,Mid Cap,Chemicals,Deepak Nitrite Ltd.,,,NIFTY F&O,,,,,,,
DELHIVERY,Mid Cap,Services,Delhivery Ltd.,,,,,,,,,,
DEVYANI,Mid Cap,Consumer Services,Devyani International Ltd.,,,,,,,,,,
DIXON,Mid Cap,Consumer Durables,Dixon Technologies (India) Ltd.,,,NIFTY F&O,,,,,,,
EMAMILTD,Mid Cap,Fast Moving Consumer Goods,Emami Ltd.,,,,,,,NIFTY FMCG,,,
ENDURANCE,Mid Cap,Automobile and Auto Components,Endurance Technologies Ltd.,,,,,,,,,,
ESCORTS,Mid Cap,Capital Goods,Escorts Kubota Ltd.,,,NIFTY F&O,,,,,,,
FEDERALBNK,Mid Cap,Financial Services,Federal Bank Ltd.,,BANKNIFTY,NIFTY F&O,,,,,,,
FINEORG,Mid Cap,Chemicals,Fine Organic Industries Ltd.,,,,,,,,,,
FLUOROCHEM,Mid Cap,Chemicals,Gujarat Fluorochemicals Ltd.,,,,,,,,,,
FORTIS,Mid Cap,Healthcare,Fortis Healthcare Ltd.,,,,,,,,,,
GICRE,Mid Cap,Financial Services,General Insurance Corporation of India,,,,,,,,,,
GLAND,Mid Cap,Healthcare,Gland Pharma Ltd.,,,,,,,,,NIFTY PHARMA,
GLAXO,Mid Cap,Healthcare,Glaxosmithkline Pharmaceuticals Ltd.,,,,,,,,,NIFTY PHARMA,
GMRINFRA,Mid Cap,Services,GMR Airports Infrastructure Ltd.,,,NIFTY F&O,,,,,,,
GODREJIND,Mid Cap,Diversified,Godrej Industries Ltd.,,,,,,,,,,
GODREJPROP,Mid Cap,Realty,Godrej Properties Ltd.,,,NIFTY F&O,,,,,,,
GRINDWELL,Mid Cap,Capital Goods,Grindwell Norton Ltd.,,,,,,,,,,
GUJGASLTD,Mid Cap,Oil Gas & Consumable Fuels,Gujarat Gas Ltd.,,,NIFTY F&O,,,,,,,NIFTY OIL & GAS
HAPPSTMNDS,Mid Cap,Information Technology,Happiest Minds Technologies Ltd.,,,,,,,,,,
HINDPETRO,Mid Cap,Oil Gas & Consumable Fuels,Hindustan Petroleum Corporation Ltd.,,,NIFTY F&O,,,,,,,NIFTY OIL & GAS
HINDZINC,Mid Cap,Metals & Mining,Hindustan Zinc Ltd.,,,,,,,,NIFTY METAL,,
HONAUT,Mid Cap,Capital Goods,Honeywell Automation India Ltd.,,,,,,,,,,
IDEA,Mid Cap,Telecommunication,Vodafone Idea Ltd.,,,NIFTY F&O,,,,,,,
IDFCFIRSTB,Mid Cap,Financial Services,IDFC First Bank Ltd.,,BANKNIFTY,NIFTY F&O,,,,,,,
IGL,Mid Cap,Oil Gas & Consumable Fuels,Indraprastha Gas Ltd.,,,NIFTY F&O,,,,,,,NIFTY OIL & GAS
INDHOTEL,Mid Cap,Consumer Services,Indian Hotels Co. Ltd.,,,NIFTY F&O,,,,,,,
INDIANB,Mid Cap,Financial Services,Indian Bank,,,,,,,,,,
IPCALAB,Mid Cap,Healthcare,Ipca Laboratories Ltd.,,,NIFTY F&O,,,,,,NIFTY PHARMA,
IRFC,Mid Cap,Financial Services,Indian Railway Finance Corporation Ltd.,,,,,,,,,,
ISEC,Mid Cap,Financial Services,ICICI Securities Ltd.,,,,,,,,,,
JINDALSTEL,Mid Cap,Metals & Mining,Jindal Steel & Power Ltd.,,,NIFTY F&O,,,,,NIFTY METAL,,
JKCEMENT,Mid Cap,Construction Materials,J.K. Cement Ltd.,,,NIFTY F&O,,,,,,,
JSWENERGY,Mid Cap,Power,JSW Energy Ltd.,,,,,,,,,,
JUBLFOOD,Mid Cap,Consumer Services,Jubilant Foodworks Ltd.,,,NIFTY F&O,,,,,,,
KAJARIACER,Mid Cap,Consumer Durables,Kajaria Ceramics Ltd.,,,,,,,,,,
KANSAINER,Mid Cap,Consumer Durables,Kansai Nerolac Paints Ltd.,,,,,,,,,,
KPRMILL,Mid Cap,Textiles,K.P.R. Mill Ltd.,,,,,,,,,,
L&TFH,Mid Cap,Financial Services,L&T Finance Holdings Ltd.,,,NIFTY F&O,,,,,,,
LALPATHLAB,Mid Cap,Healthcare,Dr. Lal Path Labs Ltd.,,,NIFTY F&O,,,,,,,
LAURUSLABS,Mid Cap,Healthcare,Laurus Labs Ltd.,,,NIFTY F&O,,,,,,NIFTY PHARMA,
LICHSGFIN,Mid Cap,Financial Services,LIC Housing Finance Ltd.,,,NIFTY F&O,FINNIFTY,,,,,,
LINDEINDIA,Mid Cap,Chemicals,Linde India Ltd.,,,,,,,,,,
LODHA,Mid Cap,Realty,Macrotech Developers Ltd.,,,,,,,,,,
LTTS,Mid Cap,Information Technology,L&T Technology Services Ltd.,,,NIFTY F&O,,,NIFTY IT,,,,
LUPIN,Mid Cap,Healthcare,Lupin Ltd.,,,NIFTY F&O,,,,,,NIFTY PHARMA,
M&MFIN,Mid Cap,Financial Services,Mahindra & Mahindra Financial Services Ltd.,,,NIFTY F&O,,,,,,,
MANYAVAR,Mid Cap,Consumer Services,Vedant Fashions Ltd.,,,,,,,,,,
MAXHEALTH,Mid Cap,Healthcare,Max Healthcare Institute Ltd.,,,,,,,,,,
METROBRAND,Mid Cap,Consumer Durables,Metro Brands Ltd.,,,,,,,,,,
MFSL,Mid Cap,Financial Services,Max Financial Services Ltd.,,,NIFTY F&O,,,,,,,
MPHASIS,Mid Cap,Information Technology,MphasiS Ltd.,,,NIFTY F&O,,,NIFTY IT,,,,
MRF,Mid Cap,Automobile and Auto Components,MRF Ltd.,,,NIFTY F&O,,NIFTY AUTO,,,,,
MSUMI,Mid Cap,Automobile and Auto Components,Motherson Sumi Wiring India Ltd.,,,,,,,,,,
NAM-INDIA,Mid Cap,Financial Services,Nippon Life India Asset Management Ltd.,,,,,,,,,,
NAVINFLUOR,Mid Cap,Chemicals,Navin Fluorine International Ltd.,,,NIFTY F&O,,,,,,,
NHPC,Mid Cap,Power,NHPC Ltd.,,,,,,,,,,
NIACL,Mid Cap,Financial Services,The New India Assurance Company Ltd.,,,,,,,,,,
NMDC,Mid Cap,Metals & Mining,NMDC Ltd.,,,NIFTY F&O,,,,,NIFTY METAL,,
OBEROIRLTY,Mid Cap,Realty,Oberoi Realty Ltd.,,,NIFTY F&O,,,,,,,
OFSS,Mid Cap,Information Technology,Oracle Financial Services Software Ltd.,,,NIFTY F&O,,,,,,,
OIL,Mid Cap,Oil Gas & Consumable Fuels,Oil India Ltd.,,,,,,,,,,NIFTY OIL & GAS
PATANJALI,Mid Cap,Fast Moving Consumer Goods,Patanjali Foods Ltd.,,,,,,,,,,
PAYTM,Mid Cap,Financial Services,One 97 Communications Ltd.,,,,,,,,,,
PEL,Mid Cap,Financial Services,Piramal Enterprises Ltd.,,,NIFTY F&O,,,,,,,
PERSISTENT,Mid Cap,Information Technology,Persistent Systems Ltd.,,,NIFTY F&O,,,NIFTY IT,,,,
PETRONET,Mid Cap,Oil Gas & Consumable Fuels,Petronet LNG Ltd.,,,NIFTY F&O,,,,,,,NIFTY OIL & GAS
PFC,Mid Cap,Financial Services,Power Finance Corporation Ltd.,,,NIFTY F&O,FINNIFTY,,,,,,
PFIZER,Mid Cap,Healthcare,Pfizer Ltd.,,,,,,,,,NIFTY PHARMA,
PHOENIXLTD,Mid Cap,Realty,Phoenix Mills Ltd.,,,,,,,,,,
PNB,Mid Cap,Financial Services,Punjab National Bank,,BANKNIFTY,NIFTY F&O,,,,,,,
POLICYBZR,Mid Cap,Financial Services,PB Fintech Ltd.,,,,,,,,,,
POLYCAB,Mid Cap,Capital Goods,Polycab India Ltd.,,,NIFTY F&O,,,,,,,
POONAWALLA,Mid Cap,Financial Services,Poonawalla Fincorp Ltd.,,,,,,,,,,
PRESTIGE,Mid Cap,Realty,Prestige Estates Projects Ltd.,,,,,,,,,,
RAJESHEXPO,Mid Cap,Consumer Durables,Rajesh Exports Ltd.,,,,,,,,,,
RAMCOCEM,Mid Cap,Construction Materials,The Ramco Cements Ltd.,,,NIFTY F&O,,,,,,,
RECLTD,Mid Cap,Financial Services,REC Ltd.,,,NIFTY F&O,FINNIFTY,,,,,,
RELAXO,Mid Cap,Consumer Durables,Relaxo Footwears Ltd.,,,,,,,,,,
SAIL,Mid Cap,Metals & Mining,Steel Authority of India Ltd.,,,NIFTY F&O,,,,,NIFTY METAL,,
SCHAEFFLER,Mid Cap,Automobile and Auto Components,Schaeffler India Ltd.,,,,,,,,,,
SHRIRAMFIN,Mid Cap,Financial Services,Shriram Finance Ltd.,,,NIFTY F&O,FINNIFTY,,,,,,
SKFINDIA,Mid Cap,Capital Goods,SKF India Ltd.,,,,,,,,,,
SOLARINDS,Mid Cap,Chemicals,Solar Industries India Ltd.,,,,,,,,,,
SONACOMS,Mid Cap,Automobile and Auto Components,Sona BLW Precision Forgings Ltd.,,,,,NIFTY AUTO,,,,,
STARHEALTH,Mid Cap,Financial Services,Star Health and Allied Insurance Company Ltd.,,,,,,,,,,
SUMICHEM,Mid Cap,Chemicals,Sumitomo Chemical India Ltd.,,,,,,,,,,
SUNDARMFIN,Mid Cap,Financial Services,Sundaram Finance Ltd.,,,,,,,,,,
SUNDRMFAST,Mid Cap,Automobile and Auto Components,Sundram Fasteners Ltd.,,,,,,,,,,
SUNTV,Mid Cap,Media Entertainment & Publication,Sun TV Network Ltd.,,,NIFTY F&O,,,,,,,
SUPREMEIND,Mid Cap,Capital Goods,Supreme Industries Ltd.,,,,,,,,,,
SYNGENE,Mid Cap,Healthcare,Syngene International Ltd.,,,NIFTY F&O,,,,,,,
TATACHEM,Mid Cap,Chemicals,Tata Chemicals Ltd.,,,NIFTY F&O,,,,,,,
TATACOMM,Mid Cap,Telecommunication,Tata Communications Ltd.,,,NIFTY F&O,,,,,,,
TATAELXSI,Mid Cap,Information Technology,Tata Elxsi Ltd.,,,,,,,,,,
THERMAX,Mid Cap,Capital Goods,Thermax Ltd.,,,,,,,,,,
TIINDIA,Mid Cap,Automobile and Auto Components,Tube Investments of India Ltd.,,,,,NIFTY AUTO,,,,,
TIMKEN,Mid Cap,Capital Goods,Timken India Ltd.,,,,,,,,,,
TORNTPOWER,Mid Cap,Power,Torrent Power Ltd.,,,,,,,,,,
TRENT,Mid Cap,Consumer Services,Trent Ltd.,,,NIFTY F&O,,,,,,,
TRIDENT,Mid Cap,Textiles,Trident Ltd.,,,,,,,,,,
TTML,Mid Cap,Telecommunication,Tata Teleservices (Maharashtra) Ltd.,,,,,,,,,,
TVSMOTOR,Mid Cap,Automobile and Auto Components,TVS Motor Company Ltd.,,,NIFTY F&O,,NIFTY AUTO,,,,,
UBL,Mid Cap,Fast Moving Consumer Goods,United Breweries Ltd.,,,NIFTY F&O,,,,NIFTY FMCG,,,
UNIONBANK,Mid Cap,Financial Services,Union Bank of India,,,,,,,,,,
UNOMINDA,Mid Cap,Automobile and Auto Components,UNO Minda Ltd.,,,,,,,,,,
VINATIORGA,Mid Cap,Chemicals,Vinati Organics Ltd.,,,,,,,,,,
VOLTAS,Mid Cap,Consumer Durables,Voltas Ltd.,,,NIFTY F&O,,,,,,,
WHIRLPOOL,Mid Cap,Consumer Durables,Whirlpool of India Ltd.,,,,,,,,,,
YESBANK,Mid Cap,Financial Services,Yes Bank Ltd.,,,,,,,,,,
ZEEL,Mid Cap,Media Entertainment & Publication,Zee Entertainment Enterprises Ltd.,,,NIFTY F&O,,,,,,,
ZFCVINDIA,Mid Cap,Automobile and Auto Components,ZF Commercial Vehicle Control Systems India Ltd.,,,,,,,,,,
ZYDUSLIFE,Mid Cap,Healthcare,Zydus Lifesciences Ltd.,,,NIFTY F&O,,,,,,NIFTY PHARMA,
360ONE,Small Cap,Financial Services,360 ONE WAM Ltd.,,,,,,,,,,
AARTIDRUGS,Small Cap,Healthcare,Aarti Drugs Ltd.,,,,,,,,,,
ACI,Small Cap,Chemicals,Archean Chemical Industries Ltd.,,,,,,,,,,
AEGISCHEM,Small Cap,Oil Gas & Consumable Fuels,Aegis Logistics Ltd.,,,,,,,,,,NIFTY OIL & GAS
AETHER,Small Cap,Chemicals,Aether Industries Ltd.,,,,,,,,,,
AMARAJABAT,Small Cap,Automobile and Auto Components,Amara Raja Batteries Ltd.,,,,,,,,,,
AMBER,Small Cap,Consumer Durables,Amber Enterprises India Ltd.,,,,,,,,,,
ANGELONE,Small Cap,Financial Services,Angel One Ltd.,,,,,,,,,,
ANURAS,Small Cap,Chemicals,Anupam Rasayan India Ltd.,,,,,,,,,,
APARINDS,Small Cap,Capital Goods,Apar Industries Ltd.,,,,,,,,,,
APLLTD,Small Cap,Healthcare,Alembic Pharmaceuticals Ltd.,,,,,,,,,,
APTUS,Small Cap,Financial Services,Aptus Value Housing Finance India Ltd.,,,,,,,,,,
ASAHIINDIA,Small Cap,Automobile and Auto Components,Asahi India Glass Ltd.,,,,,,,,,,
ASTERDM,Small Cap,Healthcare,Aster DM Healthcare Ltd.,,,,,,,,,,
AVANTIFEED,Small Cap,Fast Moving Consumer Goods,Avanti Feeds Ltd.,,,,,,,,,,
BALAMINES,Small Cap,Chemicals,Balaji Amines Ltd.,,,,,,,,,,
BALRAMCHIN,Small Cap,Fast Moving Consumer Goods,Balrampur Chini Mills Ltd.,,,NIFTY F&O,,,,,,,
BASF,Small Cap,Chemicals,BASF India Ltd.,,,,,,,,,,
BBTC,Small Cap,Fast Moving Consumer Goods,Bombay Burmah Trading Corporation Ltd.,,,,,,,,,,
BCG,Small Cap,Information Technology,Brightcom Group Ltd.,,,,,,,,,,
BDL,Small Cap,Capital Goods,Bharat Dynamics Ltd.,,,,,,,,,,
BEML,Small Cap,Capital Goods,BEML Ltd.,,,,,,,,,,
BIKAJI,Small Cap,Fast Moving Consumer Goods,Bikaji Foods International Ltd.,,,,,,,,,,
BIRLACORPN,Small Cap,Construction Materials,Birla Corporation Ltd.,,,,,,,,,,
BLS,Small Cap,Consumer Services,BLS International Services Ltd.,,,,,,,,,,
BLUESTARCO,Small Cap,Consumer Durables,Blue Star Ltd.,,,,,,,,,,
BORORENEW,Small Cap,Capital Goods,Borosil Renewables Ltd.,,,,,,,,,,
BRIGADE,Small Cap,Realty,Brigade Enterprises Ltd.,,,,,,,,,,
BSE,Small Cap,Financial Services,BSE Ltd.,,,,,,,,,,
BSOFT,Small Cap,Information Technology,Birlasoft Ltd.,,,NIFTY F&O,,,,,,,
CAMPUS,Small Cap,Consumer Durables,Campus Activewear Ltd.,,,,,,,,,,
CAMS,Small Cap,Financial Services,Computer Age Management Services Ltd.,,,,,,,,,,
CANFINHOME,Small Cap,Financial Services,Can Fin Homes Ltd.,,,NIFTY F&O,,,,,,,
CARBORUNIV,Small Cap,Capital Goods,Carborundum Universal Ltd.,,,,,,,,,,
CASTROLIND,Small Cap,Oil Gas & Consumable Fuels,Castrol India Ltd.,,,,,,,,,,NIFTY OIL & GAS
CCL,Small Cap,Fast Moving Consumer Goods,CCL Products (I) Ltd.,,,,,,,,,,
CDSL,Small Cap,Financial Services,Central Depository Services (India) Ltd.,,,,,,,,,,
CEATLTD,Small Cap,Automobile and Auto Components,Ceat Ltd.,,,,,,,,,,
CENTRALBK,Small Cap,Financial Services,Central Bank of India,,,,,,,,,,
CENTURYPLY,Small Cap,Consumer Durables,Century Plyboards (India) Ltd.,,,,,,,,,,
CENTURYTEX,Small Cap,Forest Materials,Century Textile & Industries Ltd.,,,,,,,,,,
CERA,Small Cap,Consumer Durables,Cera Sanitaryware Ltd,,,,,,,,,,
CESC,Small Cap,Power,CESC Ltd.,,,,,,,,,,
CGCL,Small Cap,Financial Services,Capri Global Capital Ltd.,,,,,,,,,,
CHALET,Small Cap,Consumer Services,Chalet Hotels Ltd.,,,,,,,,,,
CHAMBLFERT,Small Cap,Chemicals,Chambal Fertilizers & Chemicals Ltd.,,,NIFTY F&O,,,,,,,
CHEMPLASTS,Small Cap,Chemicals,Chemplast Sanmar Ltd.,,,,,,,,,,
CHOLAHLDNG,Small Cap,Financial Services,Cholamandalam Financial Holdings Ltd.,,,,,,,,,,
CIEINDIA,Small Cap,Automobile and Auto Components,CIE Automotive India Ltd.,,,,,,,,,,
COCHINSHIP,Small Cap,Capital Goods,Cochin Shipyard Ltd.,,,,,,,,,,
CRAFTSMAN,Small Cap,Automobile and Auto Components,Craftsman Automation Ltd.,,,,,,,,,,
CREDITACC,Small Cap,Financial Services,CreditAccess Grameen Ltd.,,,,,,,,,,
CSBBANK,Small Cap,Financial Services,CSB Bank Ltd.,,,,,,,,,,
CUB,Small Cap,Financial Services,City Union Bank Ltd.,,,NIFTY F&O,,,,,,,
CYIENT,Small Cap,Information Technology,Cyient Ltd.,,,,,,,,,,
DATAPATTNS,Small Cap,Capital Goods,Data Patterns (India) Ltd.,,,,,,,,,,
DCMSHRIRAM,Small Cap,Diversified,DCM Shriram Ltd.,,,,,,,,,,
DEEPAKFERT,Small Cap,Chemicals,Deepak Fertilisers & Petrochemicals Corp. Ltd.,,,,,,,,,,
DELTACORP,Small Cap,Consumer Services,Delta Corp Ltd.,,,NIFTY F&O,,,,,,,
EASEMYTRIP,Small Cap,Consumer Services,Easy Trip Planners Ltd.,,,,,,,,,,
ECLERX,Small Cap,Services,eClerx Services Ltd.,,,,,,,,,,
EIDPARRY,Small Cap,Chemicals,E.I.D. Parry (India) Ltd.,,,,,,,,,,
EIHOTEL,Small Cap,Consumer Services,EIH Ltd.,,,,,,,,,,
ELGIEQUIP,Small Cap,Capital Goods,Elgi Equipments Ltd.,,,,,,,,,,
ENGINERSIN,Small Cap,Construction,Engineers India Ltd.,,,,,,,,,,
EPL,Small Cap,Capital Goods,EPL Ltd.,,,,,,,,,,
EQUITASBNK,Small Cap,Financial Services,Equitas Small Finance Bank Ltd.,,,,,,,,,,
ERIS,Small Cap,Healthcare,Eris Lifesciences Ltd.,,,,,,,,,,
EXIDEIND,Small Cap,Automobile and Auto Components,Exide Industries Ltd.,,,NIFTY F&O,,,,,,,
FACT,Small Cap,Chemicals,Fertilisers and Chemicals Travancore Ltd.,,,,,,,,,,
FDC,Small Cap,Healthcare,FDC Ltd.,,,,,,,,,,
FINCABLES,Small Cap,Capital Goods,Finolex Cables Ltd.,,,,,,,,,,
FINPIPE,Small Cap,Capital Goods,Finolex Industries Ltd.,,,,,,,,,,
FIVESTAR,Small Cap,Financial Services,Five-Star Business Finance Ltd.,,,,,,,,,,
FSL,Small Cap,Services,Firstsource Solutions Ltd.,,,,,,,,,,
GAEL,Small Cap,Fast Moving Consumer Goods,Gujarat Ambuja Exports Ltd.,,,,,,,,,,
GALAXYSURF,Small Cap,Chemicals,Galaxy Surfactants Ltd.,,,,,,,,,,
GARFIBRES,Small Cap,Textiles,Garware Technical Fibres Ltd.,,,,,,,,,,
GESHIP,Small Cap,Services,Great Eastern Shipping Co. Ltd.,,,,,,,,,,
GLENMARK,Small Cap,Healthcare,Glenmark Pharmaceuticals Ltd.,,,NIFTY F&O,,,,,,NIFTY PHARMA,
GMMPFAUDLR,Small Cap,Capital Goods,GMM Pfaudler Ltd.,,,,,,,,,,
GNFC,Small Cap,Chemicals,Gujarat Narmada Valley Fertilizers and Chemicals Ltd.,,,NIFTY F&O,,,,,,,
GOCOLORS,Small Cap,Consumer Services,Go Fashion (India) Ltd.,,,,,,,,,,
GODFRYPHLP,Small Cap,Fast Moving Consumer Goods,Godfrey Phillips India Ltd.,,,,,,,,,,
GODREJAGRO,Small Cap,Fast Moving Consumer Goods,Godrej Agrovet Ltd.,,,,,,,,,,
GPPL,Small Cap,Services,Gujarat Pipavav Port Ltd.,,,,,,,,,,
GRANULES,Small Cap,Healthcare,Granules India Ltd.,,,NIFTY F&O,,,,,,NIFTY PHARMA,
GRAPHITE,Small Cap,Capital Goods,Graphite India Ltd.,,,,,,,,,,
GREENPANEL,Small Cap,Consumer Durables,Greenpanel Industries Ltd.,,,,,,,,,,
GRINFRA,Small Cap,Construction,G R Infraprojects Ltd.,,,,,,,,,,
GSFC,Small Cap,Chemicals,Gujarat State Fertilizers & Chemicals Ltd.,,,,,,,,,,
GSPL,Small Cap,Oil Gas & Consumable Fuels,Gujarat State Petronet Ltd.,,,,,,,,,,NIFTY OIL & GAS
GUJALKALI,Small Cap,Chemicals,Gujarat Alkalies & Chemicals Ltd.,,,,,,,,,,
HEG,Small Cap,Capital Goods,H.E.G. Ltd.,,,,,,,,,,
HFCL,Small Cap,Telecommunication,HFCL Ltd.,,,,,,,,,,
HGS,Small Cap,Services,Hinduja Global Solutions Ltd.,,,,,,,,,,
HIKAL,Small Cap,Healthcare,Hikal Ltd.,,,,,,,,,,
HINDCOPPER,Small Cap,Metals & Mining,Hindustan Copper Ltd.,,,NIFTY F&O,,,,,NIFTY METAL,,
HLEGLAS,Small Cap,Capital Goods,HLE Glascoat Ltd.,,,,,,,,,,
HOMEFIRST,Small Cap,Financial Services,Home First Finance Company India Ltd.,,,,,,,,,,
HUDCO,Small Cap,Financial Services,Housing & Urban Development Corporation Ltd.,,,,,,,,,,
IBREALEST,Small Cap,Realty,Indiabulls Real Estate Ltd.,,,,,,,,,,
IBULHSGFIN,Small Cap,Financial Services,Indiabulls Housing Finance Ltd.,,,NIFTY F&O,,,,,,,
IDBI,Small Cap,Financial Services,IDBI Bank Ltd.,,,,,,,,,,
IDFC,Small Cap,Financial Services,IDFC Ltd.,,,NIFTY F&O,,,,,,,
IEX,Small Cap,Financial Services,Indian Energy Exchange Ltd.,,,NIFTY F&O,FINNIFTY,,,,,,
IFBIND,Small Cap,Consumer Durables,IFB Industries Ltd.,,,,,,,,,,
IIFL,Small Cap,Financial Services,IIFL Finance Ltd.,,,,,,,,,,
INDIACEM,Small Cap,Construction Materials,India Cements Ltd.,,,NIFTY F&O,,,,,,,
INDIAMART,Small Cap,Consumer Services,Indiamart Intermesh Ltd.,,,NIFTY F&O,,,,,,,
INDIGOPNTS,Small Cap,Consumer Durables,Indigo Paints Ltd.,,,,,,,,,,
INFIBEAM,Small Cap,Financial Services,Infibeam Avenues Ltd.,,,,,,,,,,
INGERRAND,Small Cap,Capital Goods,Ingersoll Rand (India) Ltd.,,,,,,,,,,
INTELLECT,Small Cap,Information Technology,Intellect Design Arena Ltd.,,,,,,,,,,
IOB,Small Cap,Financial Services,Indian Overseas Bank,,,,,,,,,,
IRB,Small Cap,Construction,IRB Infrastructure Developers Ltd.,,,,,,,,,,
ITI,Small Cap,Telecommunication,ITI Ltd.,,,,,,,,,,
JAMNAAUTO,Small Cap,Automobile and Auto Components,Jamna Auto Industries Ltd.,,,,,,,,,,
JBCHEPHARM,Small Cap,Healthcare,J.B. Chemicals & Pharmaceuticals Ltd.,,,,,,,,,,
JBMA,Small Cap,Automobile and Auto Components,JBM Auto Ltd.,,,,,,,,,,
JINDWORLD,Small Cap,Textiles,Jindal Worldwide Ltd.,,,,,,,,,,
JKLAKSHMI,Small Cap,Construction Materials,JK Lakshmi Cement Ltd.,,,,,,,,,,
JKPAPER,Small Cap,Forest Materials,JK Paper Ltd.,,,,,,,,,,
JMFINANCIL,Small Cap,Financial Services,JM Financial Ltd.,,,,,,,,,,
JSL,Small Cap,Metals & Mining,Jindal Stainless Ltd.,,,,,,,,NIFTY METAL,,
JUBLINGREA,Small Cap,Chemicals,Jubilant Ingrevia Ltd.,,,,,,,,,,
JUBLPHARMA,Small Cap,Healthcare,Jubilant Pharmova Ltd.,,,,,,,,,,
JUSTDIAL,Small Cap,Consumer Services,Justdial Ltd.,,,,,,,,,,
JYOTHYLAB,Small Cap,Fast Moving Consumer Goods,Jyothy Labs Ltd.,,,,,,,,,,
KALYANKJIL,Small Cap,Consumer Durables,Kalyan Jewellers India Ltd.,,,,,,,,,,
KARURVYSYA,Small Cap,Financial Services,Karur Vysya Bank Ltd.,,,,,,,,,,
KEC,Small Cap,Capital Goods,Kec International Ltd.,,,,,,,,,,
KEI,Small Cap,Capital Goods,KEI Industries Ltd.,,,,,,,,,,
KENNAMET,Small Cap,Capital Goods,Kennametal India Ltd.,,,,,,,,,,
KFINTECH,Small Cap,Financial Services,Kfin Technologies Ltd.,,,,,,,,,,
KIMS,Small Cap,Healthcare,Krishna Institute of Medical Sciences Ltd.,,,,,,,,,,
KNRCON,Small Cap,Construction,KNR Constructions Ltd.,,,,,,,,,,
KPIL,Small Cap,Construction,Kalpataru Projects International Ltd.,,,,,,,,,,
KPITTECH,Small Cap,Information Technology,KPIT Technologies Ltd.,,,,,,,,,,
KRBL,Small Cap,Fast Moving Consumer Goods,KRBL Ltd.,,,,,,,,,,
KSB,Small Cap,Capital Goods,KSB Ltd.,,,,,,,,,,
LATENTVIEW,Small Cap,Information Technology,Latent View Analytics Ltd.,,,,,,,,,,
LAXMIMACH,Small Cap,Capital Goods,Lakshmi Machine Works Ltd.,,,,,,,,,,
LEMONTREE,Small Cap,Consumer Services,Lemon Tree Hotels Ltd.,,,,,,,,,,
LUXIND,Small Cap,Textiles,Lux Industries Ltd.,,,,,,,,,,
LXCHEM,Small Cap,Chemicals,Laxmi Organic Industries Ltd.,,,,,,,,,,
MAHABANK,Small Cap,Financial Services,Bank of Maharashtra,,,,,,,,,,
MAHLIFE,Small Cap,Realty,Mahindra Lifespace Developers Ltd.,,,,,,,,,,
MAHLOG,Small Cap,Services,Mahindra Logistics Ltd.,,,,,,,,,,
MANAPPURAM,Small Cap,Financial Services,Manappuram Finance Ltd.,,,NIFTY F&O,,,,,,,
MAPMYINDIA,Small Cap,Information Technology,C.E. Info Systems Ltd.,,,,,,,,,,
MASTEK,Small Cap,Information Technology,Mastek Ltd.,,,,,,,,,,
MAZDOCK,Small Cap,Capital Goods,Mazagoan Dock Shipbuilders Ltd.,,,,,,,,,,
MCX,Small Cap,Financial Services,Multi Commodity Exchange of India Ltd.,,,NIFTY F&O,,,,,,,
MEDANTA,Small Cap,Healthcare,Global Health Ltd.,,,,,,,,,,
MEDPLUS,Small Cap,Consumer Services,Medplus Health Services Ltd.,,,,,,,,,,
METROPOLIS,Small Cap,Healthcare,Metropolis Healthcare Ltd.,,,NIFTY F&O,,,,,,,
MFL,Small Cap,Chemicals,Meghmani Finechem Ltd.,,,,,,,,,,
MGL,Small Cap,Oil Gas & Consumable Fuels,Mahanagar Gas Ltd.,,,NIFTY F&O,,,,,,,NIFTY OIL & GAS
MHRIL,Small Cap,Consumer Services,Mahindra Holidays & Resorts India Ltd.,,,,,,,,,,
MMTC,Small Cap,Services,MMTC Ltd.,,,,,,,,,,
MOTILALOFS,Small Cap,Financial Services,Motilal Oswal Financial Services Ltd.,,,,,,,,,,
MRPL,Small Cap,Oil Gas & Consumable Fuels,Mangalore Refinery & Petrochemicals Ltd.,,,,,,,,,,
MTARTECH,Small Cap,Capital Goods,MTAR Technologies Ltd.,,,,,,,,,,
NATCOPHARM,Small Cap,Healthcare,NATCO Pharma Ltd.,,,,,,,,,NIFTY PHARMA,
NATIONALUM,Small Cap,Metals & Mining,National Aluminium Co. Ltd.,,,NIFTY F&O,,,,,NIFTY METAL,,
NAZARA,Small Cap,Media Entertainment & Publication,Nazara Technologies Ltd.,,,,,,,,,,
NBCC,Small Cap,Construction,NBCC (India) Ltd.,,,,,,,,,,
NCC,Small Cap,Construction,NCC Ltd.,,,,,,,,,,
NETWORK18,Small Cap,Media Entertainment & Publication,Network18 Media & Investments Ltd.,,,,,,,,,,
NH,Small Cap,Healthcare,Narayana Hrudayalaya Ltd.,,,,,,,,,,
NLCINDIA,Small Cap,Power,NLC India Ltd.,,,,,,,,,,
NOCIL,Small Cap,Chemicals,NOCIL Ltd.,,,,,,,,,,
NSLNISP,Small Cap,Metals & Mining,NMDC Steel Ltd.,,,,,,,,,,
NUVOCO,Small Cap,Construction Materials,Nuvoco Vistas Corporation Ltd.,,,,,,,,,,
OLECTRA,Small Cap,Automobile and Auto Components,Olectra Greentech Ltd.,,,,,,,,,,
ORIENTELEC,Small Cap,Consumer Durables,Orient Electric Ltd.,,,,,,,,,,
PCBL,Small Cap,Chemicals,PCBL Ltd.,,,,,,,,,,
PNBHOUSING,Small Cap,Financial Services,PNB Housing Finance Ltd.,,,,,,,,,,
PNCINFRA,Small Cap,Construction,PNC Infratech Ltd.,,,,,,,,,,
POLYMED,Small Cap,Healthcare,Poly Medicure Ltd.,,,,,,,,,,
POLYPLEX,Small Cap,Capital Goods,Polyplex Corporation Ltd.,,,,,,,,,,
POWERINDIA,Small Cap,Capital Goods,Hitachi Energy India Ltd.,,,,,,,,,,
PPLPHARMA,Small Cap,Healthcare,Piramal Pharma Ltd.,,,,,,,,,,
PRAJIND,Small Cap,Capital Goods,Praj Industries Ltd.,,,,,,,,,,
PRINCEPIPE,Small Cap,Capital Goods,Prince Pipes and Fittings Ltd.,,,,,,,,,,
PRSMJOHNSN,Small Cap,Construction Materials,Prism Johnson Ltd.,,,,,,,,,,
PVRINOX,Small Cap,Media Entertainment & Publication,PVR INOX Ltd.,,,NIFTY F&O,,,,,,,
QUESS,Small Cap,Services,Quess Corp Ltd.,,,,,,,,,,
RADICO,Small Cap,Fast Moving Consumer Goods,Radico Khaitan Ltd,,,,,,,NIFTY FMCG,,,
RAIN,Small Cap,Chemicals,Rain Industries Ltd,,,,,,,,,,
RAINBOW,Small Cap,Healthcare,Rainbow Childrens Medicare Ltd.,,,,,,,,,,
RALLIS,Small Cap,Chemicals,Rallis India Ltd.,,,,,,,,,,
RATNAMANI,Small Cap,Capital Goods,Ratnamani Metals & Tubes Ltd.,,,,,,,,NIFTY METAL,,
RAYMOND,Small Cap,Textiles,Raymond Ltd.,,,,,,,,,,
RBA,Small Cap,Consumer Services,Restaurant Brands Asia Ltd.,,,,,,,,,,
RBLBANK,Small Cap,Financial Services,RBL Bank Ltd.,,,NIFTY F&O,,,,,,,
RCF,Small Cap,Chemicals,Rashtriya Chemicals & Fertilizers Ltd.,,,,,,,,,,
REDINGTON,Small Cap,Services,Redington Ltd.,,,,,,,,,,
RENUKA,Small Cap,Fast Moving Consumer Goods,Shree Renuka Sugars Ltd.,,,,,,,,,,
RHIM,Small Cap,Capital Goods,RHI MAGNESITA INDIA LTD.,,,,,,,,,,
RITES,Small Cap,Construction,RITES Ltd.,,,,,,,,,,
ROSSARI,Small Cap,Chemicals,Rossari Biotech Ltd.,,,,,,,,,,
ROUTE,Small Cap,Telecommunication,Route Mobile Ltd.,,,,,,,,,,
RTNINDIA,Small Cap,Services,RattanIndia Enterprises Ltd.,,,,,,,,,,
RUSTOMJEE,Small Cap,Realty,Keystone Realtors Ltd.,,,,,,,,,,
RVNL,Small Cap,Construction,Rail Vikas Nigam Ltd.,,,,,,,,,,
SANOFI,Small Cap,Healthcare,Sanofi India Ltd.,,,,,,,,,NIFTY PHARMA,
SAPPHIRE,Small Cap,Consumer Services,Sapphire Foods India Ltd.,,,,,,,,,,
SHARDACROP,Small Cap,Chemicals,Sharda Cropchem Ltd.,,,,,,,,,,
SHOPERSTOP,Small Cap,Consumer Services,Shoppers Stop Ltd.,,,,,,,,,,
SHYAMMETL,Small Cap,Metals & Mining,Shyam Metalics and Energy Ltd.,,,,,,,,,,
SJVN,Small Cap,Power,SJVN Ltd.,,,,,,,,,,
SOBHA,Small Cap,Realty,Sobha Ltd.,,,,,,,,,,
SONATSOFTW,Small Cap,Information Technology,Sonata Software Ltd.,,,,,,,,,,
SPARC,Small Cap,Healthcare,Sun Pharma Advanced Research Company Ltd.,,,,,,,,,,
STLTECH,Small Cap,Telecommunication,Sterlite Technologies Ltd.,,,,,,,,,,
SUNTECK,Small Cap,Realty,Sunteck Realty Ltd.,,,,,,,,,,
SUPRAJIT,Small Cap,Automobile and Auto Components,Suprajit Engineering Ltd.,,,,,,,,,,
SUVENPHAR,Small Cap,Healthcare,Suven Pharmaceuticals Ltd.,,,,,,,,,,
SUZLON,Small Cap,Capital Goods,Suzlon Energy Ltd.,,,,,,,,,,
SWANENERGY,Small Cap,Realty,Swan Energy Ltd.,,,,,,,,,,
SWSOLAR,Small Cap,Construction,Sterling and Wilson Renewable Energy Ltd.,,,,,,,,,,
TANLA,Small Cap,Information Technology,Tanla Platforms Ltd.,,,,,,,,,,
TATAINVEST,Small Cap,Financial Services,Tata Investment Corporation Ltd.,,,,,,,,,,
TCI,Small Cap,Services,Transport Corporation of India Ltd.,,,,,,,,,,
TCIEXP,Small Cap,Services,TCI Express Ltd.,,,,,,,,,,
TCNSBRANDS,Small Cap,Textiles,TCNS Clothing Co. Ltd.,,,,,,,,,,
TEAMLEASE,Small Cap,Services,Teamlease Services Ltd.,,,,,,,,,,
TEJASNET,Small Cap,Telecommunication,Tejas Networks Ltd.,,,,,,,,,,
TMB,Small Cap,Financial Services,Tamilnad Mercantile Bank Ltd.,,,,,,,,,,
TRITURBINE,Small Cap,Capital Goods,Triveni Turbine Ltd.,,,,,,,,,,
TRIVENI,Small Cap,Fast Moving Consumer Goods,Triveni Engineering & Industries Ltd.,,,,,,,,,,
TTKPRESTIG,Small Cap,Consumer Durables,TTK Prestige Ltd.,,,,,,,,,,
TV18BRDCST,Small Cap,Media Entertainment & Publication,TV18 Broadcast Ltd.,,,,,,,,,,
UCOBANK,Small Cap,Financial Services,UCO Bank,,,,,,,,,,
UFLEX,Small Cap,Capital Goods,UFLEX Ltd.,,,,,,,,,,
UTIAMC,Small Cap,Financial Services,UTI Asset Management Company Ltd.,,,,,,,,,,
VAIBHAVGBL,Small Cap,Consumer Durables,Vaibhav Global Ltd.,,,,,,,,,,
VARROC,Small Cap,Automobile and Auto Components,Varroc Engineering Ltd.,,,,,,,,,,
VGUARD,Small Cap,Consumer Durables,V-Guard Industries Ltd.,,,,,,,,,,
VIJAYA,Small Cap,Healthcare,Vijaya Diagnostic Centre Ltd.,,,,,,,,,,
VIPIND,Small Cap,Consumer Durables,V.I.P. Industries Ltd.,,,,,,,,,,
VMART,Small Cap,Consumer Services,V-Mart Retail Ltd.,,,,,,,,,,
VTL,Small Cap,Textiles,Vardhman Textiles Ltd.,,,,,,,,,,
WELCORP,Small Cap,Capital Goods,Welspun Corp Ltd.,,,,,,,,NIFTY METAL,,
WELSPUNIND,Small Cap,Textiles,Welspun India Ltd.,,,,,,,,,,
WESTLIFE,Small Cap,Consumer Services,Westlife Foodworld Ltd.,,,,,,,,,,
ZENSARTECH,Small Cap,Information Technology,Zensar Technolgies Ltd.,,,,,,,,,,
ZYDUSWELL,Small Cap,Fast Moving Consumer Goods,Zydus Wellness Ltd.,,,,,,,,,,
